﻿<?xml version="1.0" encoding="utf-8"?>
<calls>
  <call>
    <date>2024-05-22</date>
    <time>11:20</time>
    <subscriber_address>вул. Івана Франка, 5, кв. 8</subscriber_address>
    <issue>Відсутній інтернет</issue>
    <status>Ведуться роботи</status>
  </call>
  <call>
    <date>2024-05-22</date>
    <time>11:20</time>
    <subscriber_address>вул. Івана Франка, 5, кв. 8</subscriber_address>
    <issue>Відсутній інтернет</issue>
    <status>Ведуться роботи</status>
  </call>
</calls>