﻿<?xml version="1.0" encoding="utf-8"?>
<calls>
  <call>
    <date>2024-04-21</date>
    <time>09:15</time>
    <subscriber_address>Вул. Шевченка, 30, кв. 12</subscriber_address>
    <issue>Жодний доступ до мережі</issue>
    <status>Ведуться роботи</status>
  </call>
  <call>
    <date>2024-04-21</date>
    <time>09:15</time>
    <subscriber_address>Вул. Шевченка, 30, кв. 12</subscriber_address>
    <issue>Жодний доступ до мережі</issue>
    <status>Ведуться роботи</status>
  </call>
</calls>