﻿<?xml version="1.0" encoding="utf-8"?>
<calls>
  <call>
    <date>2024-04-20</date>
    <time>10:30</time>
    <subscriber_address>Вул. Пушкіна, 10, кв. 5</subscriber_address>
    <issue>Немає доступу до Інтернету</issue>
    <status>Ведуться роботи</status>
  </call>
  <call>
    <date>2024-04-20</date>
    <time>10:30</time>
    <subscriber_address>Вул. Пушкіна, 10, кв. 5</subscriber_address>
    <issue>Немає доступу до Інтернету</issue>
    <status>Ведуться роботи</status>
  </call>
</calls>