﻿<?xml version="1.0" encoding="utf-8"?>
<calls>
  <call>
    <date>2024-05-23</date>
    <time>16:00</time>
    <subscriber_address>пров. Гоголя, 3, кв. 15</subscriber_address>
    <issue>Немає з'єднання</issue>
    <status>Ведуться роботи</status>
  </call>
  <call>
    <date>2024-05-23</date>
    <time>16:00</time>
    <subscriber_address>пров. Гоголя, 3, кв. 15</subscriber_address>
    <issue>Немає з'єднання</issue>
    <status>Ведуться роботи</status>
  </call>
</calls>