﻿<?xml version="1.0" encoding="utf-8"?>
<calls>
  <call>
    <date>2024-05-25</date>
    <time>12:20</time>
    <subscriber_address>просп. Тараса Шевченка, 40, кв. 9</subscriber_address>
    <issue>Немає доступу до Інтернету</issue>
    <status>Ведуться роботи</status>
  </call>
  <call>
    <date>2024-05-25</date>
    <time>08:45</time>
    <subscriber_address>вул. Лесі Українки, 7, кв. 11</subscriber_address>
    <issue>Помірна швидкість Інтернету</issue>
    <status>Ведуться роботи</status>
  </call>
  <call>
    <date>2024-05-25</date>
    <time>08:45</time>
    <subscriber_address>вул. Лесі Українки, 7, кв. 11</subscriber_address>
    <issue>Помірна швидкість Інтернету</issue>
    <status>Ведуться роботи</status>
  </call>
  <call>
    <date>2024-05-25</date>
    <time>12:20</time>
    <subscriber_address>просп. Тараса Шевченка, 40, кв. 9</subscriber_address>
    <issue>Немає доступу до Інтернету</issue>
    <status>Ведуться роботи</status>
  </call>
</calls>