﻿<?xml version="1.0" encoding="utf-8"?>
<calls>
  <call>
    <date>2024-05-24</date>
    <time>13:55</time>
    <subscriber_address>вул. Тараса Шевченка, 22, кв. 7</subscriber_address>
    <issue>Помірна швидкість Інтернету</issue>
    <status>Ведуться роботи</status>
  </call>
  <call>
    <date>2024-05-24</date>
    <time>13:55</time>
    <subscriber_address>вул. Тараса Шевченка, 22, кв. 7</subscriber_address>
    <issue>Помірна швидкість Інтернету</issue>
    <status>Ведуться роботи</status>
  </call>
</calls>