﻿<?xml version="1.0" encoding="utf-8"?>
<calls>
  <call>
    <date>2023-01-20</date>
    <time>10:30</time>
    <subscriber_address>Вул. Пушкіна, 10, кв. 5</subscriber_address>
    <issue>Немає доступу до Інтернету</issue>
    <status>Ведуться роботи</status>
  </call>
  <call>
    <date>2023-03-20</date>
    <time>10:30</time>
    <subscriber_address>Вул. Пушкіна, 10, кв. 5</subscriber_address>
    <issue>Немає доступу до Інтернету</issue>
    <status>Ведуться роботи</status>
  </call>
  <call>
    <date>2024-03-20</date>
    <time>10:30</time>
    <subscriber_address>Вул. Пушкіна, 10, кв. 5</subscriber_address>
    <issue>Немає доступу до Інтернету</issue>
    <status>Ведуться роботи</status>
  </call>
  <call>
    <date>2024-04-20</date>
    <time>10:30</time>
    <subscriber_address>Вул. Пушкіна, 10, кв. 5</subscriber_address>
    <issue>Немає доступу до Інтернету</issue>
    <status>Ведуться роботи</status>
  </call>
  <call>
    <date>2024-04-21</date>
    <time>14:45</time>
    <subscriber_address>Вул. Лесі Українки, 15, кв. 3</subscriber_address>
    <issue>Повільне підключення до Інтернету</issue>
    <status>Усунено</status>
  </call>
  <call>
    <date>2024-04-21</date>
    <time>09:15</time>
    <subscriber_address>Вул. Шевченка, 30, кв. 12</subscriber_address>
    <issue>Жодний доступ до мережі</issue>
    <status>Ведуться роботи</status>
  </call>
  <call>
    <date>2024-05-22</date>
    <time>11:20</time>
    <subscriber_address>вул. Івана Франка, 5, кв. 8</subscriber_address>
    <issue>Відсутній інтернет</issue>
    <status>Ведуться роботи</status>
  </call>
  <call>
    <date>2024-05-23</date>
    <time>16:00</time>
    <subscriber_address>пров. Гоголя, 3, кв. 15</subscriber_address>
    <issue>Немає з'єднання</issue>
    <status>Ведуться роботи</status>
  </call>
  <call>
    <date>2024-05-24</date>
    <time>13:55</time>
    <subscriber_address>вул. Тараса Шевченка, 22, кв. 7</subscriber_address>
    <issue>Помірна швидкість Інтернету</issue>
    <status>Ведуться роботи</status>
  </call>
  <call>
    <date>2024-05-24</date>
    <time>10:10</time>
    <subscriber_address>просп. Свободи, 50, кв. 2</subscriber_address>
    <issue>Немає доступу до Інтернету</issue>
    <status>Усунено</status>
  </call>
  <call>
    <date>2024-05-25</date>
    <time>08:45</time>
    <subscriber_address>вул. Лесі Українки, 7, кв. 11</subscriber_address>
    <issue>Помірна швидкість Інтернету</issue>
    <status>Ведуться роботи</status>
  </call>
  <call>
    <date>2024-05-25</date>
    <time>15:30</time>
    <subscriber_address>вул. Пушкіна, 18, кв. 4</subscriber_address>
    <issue>Немає з'єднання</issue>
    <status>Усунено</status>
  </call>
  <call>
    <date>2024-05-25</date>
    <time>12:20</time>
    <subscriber_address>просп. Тараса Шевченка, 40, кв. 9</subscriber_address>
    <issue>Немає доступу до Інтернету</issue>
    <status>Ведуться роботи</status>
  </call>
  <call>
    <date>2024-06-30</date>
    <time>12:00</time>
    <subscriber_address>Pisun</subscriber_address>
    <issue>Nema yoho</issue>
    <status>Ведуться роботи</status>
  </call>
  <call>
    <date>2024-06-30</date>
    <time>14:30</time>
    <subscriber_address>Hz Mne Poh</subscriber_address>
    <issue>Buba Luba</issue>
    <status>Ведуться роботи</status>
  </call>
</calls>